segment,n,mean_cost,p95_cost
economy,3090,329.50005242718447,726.85
business,733,691.0136971350613,1173.44
first,177,1040.3979774011298,1755.6
