flight_id,expected_cost
FL-3302,15303.930399999997
FL-2033,9342.161199999997
FL-4410,5624.1359999999995
FL-1001,3906.1452800000006
